IC_X_CFG_SIZE:,,,,,,,,,,,,,,,,,,,,,,,,,,,,,,,
18,,,,,,,,,,,,,,,,,,,,,,,,,,,,,,,
IC_Y_CFG_SIZE:,,,,,,,,,,,,,,,,,,,,,,,,,,,,,,,
32,,,,,,,,,,,,,,,,,,,,,,,,,,,,,,,
IC_KEY_CFG_SIZE:,,,,,,,,,,,,,,,,,,,,,,,,,,,,,,,
4,,,,,,,,,,,,,,,,,,,,,,,,,,,,,,,
X_Channel:,,,,,,,,,,,,,,,,,,,,,,,,,,,,,,,
18,,,,,,,,,,,,,,,,,,,,,,,,,,,,,,,
Y_Channel:,,,,,,,,,,,,,,,,,,,,,,,,,,,,,,,
32,,,,,,,,,,,,,,,,,,,,,,,,,,,,,,,
AIN_X:,,,,,,,,,,,,,,,,,,,,,,,,,,,,,,,
0,1,2,3,4,5,6,7,8,9,10,11,12,13,14,15,16,17,,,,,,,,,,,,,,
AIN_Y:,,,,,,,,,,,,,,,,,,,,,,,,,,,,,,,
0,1,2,3,4,5,6,7,8,9,10,11,12,13,14,15,16,17,18,19,20,21,22,23,24,25,26,27,28,29,30,31
AIN_KEY:,,,,,,,,,,,,,,,,,,,,,,,,,,,,,,,
0xFF,0xFF,0xFF,0xFF,,,,,,,,,,,,,,,,,,,,,,,,,,,,
PS_Config_Lmt_Short_Rawdata_P:,,,,,,,,,,,,,,,,,,,,,,,,,,,,,,,
14008,14008,14008,14008,14008,14008,14008,14008,14008,14008,14008,14008,14008,14008,14008,14008,14008,14008,,,,,,,,,,,,,,
14008,14008,14008,14008,14008,14008,14008,14008,14008,14008,14008,14008,14008,14008,14008,14008,14008,14008,,,,,,,,,,,,,,
14008,14008,14008,14008,14008,14008,14008,14008,14008,14008,14008,14008,14008,14008,14008,14008,14008,14008,,,,,,,,,,,,,,
14008,14008,14008,14008,14008,14008,14008,14008,14008,14008,14008,14008,14008,14008,14008,14008,14008,14008,,,,,,,,,,,,,,
14008,14008,14008,14008,14008,14008,14008,14008,14008,14008,14008,14008,14008,14008,14008,14008,14008,14008,,,,,,,,,,,,,,
14008,14008,14008,14008,14008,14008,14008,14008,14008,14008,14008,14008,14008,14008,14008,14008,14008,14008,,,,,,,,,,,,,,
14008,14008,14008,14008,14008,14008,14008,14008,14008,14008,14008,14008,14008,14008,14008,14008,14008,14008,,,,,,,,,,,,,,
14008,14008,14008,14008,14008,14008,14008,14008,14008,14008,14008,14008,14008,14008,14008,14008,14008,14008,,,,,,,,,,,,,,
14008,14008,14008,14008,14008,14008,14008,14008,14008,14008,14008,14008,14008,14008,14008,14008,14008,14008,,,,,,,,,,,,,,
14008,14008,14008,14008,14008,14008,14008,14008,14008,14008,14008,14008,14008,14008,14008,14008,14008,14008,,,,,,,,,,,,,,
14008,14008,14008,14008,14008,14008,14008,14008,14008,14008,14008,14008,14008,14008,14008,14008,14008,14008,,,,,,,,,,,,,,
14008,14008,14008,14008,14008,14008,14008,14008,14008,14008,14008,14008,14008,14008,14008,14008,14008,14008,,,,,,,,,,,,,,
14008,14008,14008,14008,14008,14008,14008,14008,14008,14008,14008,14008,14008,14008,14008,14008,14008,14008,,,,,,,,,,,,,,
14008,14008,14008,14008,14008,14008,14008,14008,14008,14008,14008,14008,14008,14008,14008,14008,14008,14008,,,,,,,,,,,,,,
14008,14008,14008,14008,14008,14008,14008,14008,14008,14008,14008,14008,14008,14008,14008,14008,14008,14008,,,,,,,,,,,,,,
14008,14008,14008,14008,14008,14008,14008,14008,14008,14008,14008,14008,14008,14008,14008,14008,14008,14008,,,,,,,,,,,,,,
14008,14008,14008,14008,14008,14008,14008,14008,14008,14008,14008,14008,14008,14008,14008,14008,14008,14008,,,,,,,,,,,,,,
14008,14008,14008,14008,14008,14008,14008,14008,14008,14008,14008,14008,14008,14008,14008,14008,14008,14008,,,,,,,,,,,,,,
14008,14008,14008,14008,14008,14008,14008,14008,14008,14008,14008,14008,14008,14008,14008,14008,14008,14008,,,,,,,,,,,,,,
14008,14008,14008,14008,14008,14008,14008,14008,14008,14008,14008,14008,14008,14008,14008,14008,14008,14008,,,,,,,,,,,,,,
14008,14008,14008,14008,14008,14008,14008,14008,14008,14008,14008,14008,14008,14008,14008,14008,14008,14008,,,,,,,,,,,,,,
14008,14008,14008,14008,14008,14008,14008,14008,14008,14008,14008,14008,14008,14008,14008,14008,14008,14008,,,,,,,,,,,,,,
14008,14008,14008,14008,14008,14008,14008,14008,14008,14008,14008,14008,14008,14008,14008,14008,14008,14008,,,,,,,,,,,,,,
14008,14008,14008,14008,14008,14008,14008,14008,14008,14008,14008,14008,14008,14008,14008,14008,14008,14008,,,,,,,,,,,,,,
14008,14008,14008,14008,14008,14008,14008,14008,14008,14008,14008,14008,14008,14008,14008,14008,14008,14008,,,,,,,,,,,,,,
14008,14008,14008,14008,14008,14008,14008,14008,14008,14008,14008,14008,14008,14008,14008,14008,14008,14008,,,,,,,,,,,,,,
14008,14008,14008,14008,14008,14008,14008,14008,14008,14008,14008,14008,14008,14008,14008,14008,14008,14008,,,,,,,,,,,,,,
14008,14008,14008,14008,14008,14008,14008,14008,14008,14008,14008,14008,14008,14008,14008,14008,14008,14008,,,,,,,,,,,,,,
14008,14008,14008,14008,14008,14008,14008,14008,14008,14008,14008,14008,14008,14008,14008,14008,14008,14008,,,,,,,,,,,,,,
14008,14008,14008,14008,14008,14008,14008,14008,14008,14008,14008,14008,14008,14008,14008,14008,14008,14008,,,,,,,,,,,,,,
14008,14008,14008,14008,14008,14008,14008,14008,14008,14008,14008,14008,14008,14008,14008,14008,14008,14008,,,,,,,,,,,,,,
14008,14008,14008,14008,14008,14008,14008,14008,14008,14008,14008,14008,14008,14008,14008,14008,14008,14008,,,,,,,,,,,,,,
PS_Config_Lmt_Short_Rawdata_N:,,,,,,,,,,,,,,,,,,,,,,,,,,,,,,,
10000,10000,10000,10000,10000,10000,10000,10000,10000,10000,10000,10000,10000,10000,10000,10000,10000,10000,,,,,,,,,,,,,,
10000,10000,10000,10000,10000,10000,10000,10000,10000,10000,10000,10000,10000,10000,10000,10000,10000,10000,,,,,,,,,,,,,,
10000,10000,10000,10000,10000,10000,10000,10000,10000,10000,10000,10000,10000,10000,10000,10000,10000,10000,,,,,,,,,,,,,,
10000,10000,10000,10000,10000,10000,10000,10000,10000,10000,10000,10000,10000,10000,10000,10000,10000,10000,,,,,,,,,,,,,,
10000,10000,10000,10000,10000,10000,10000,10000,10000,10000,10000,10000,10000,10000,10000,10000,10000,10000,,,,,,,,,,,,,,
10000,10000,10000,10000,10000,10000,10000,10000,10000,10000,10000,10000,10000,10000,10000,10000,10000,10000,,,,,,,,,,,,,,
10000,10000,10000,10000,10000,10000,10000,10000,10000,10000,10000,10000,10000,10000,10000,10000,10000,10000,,,,,,,,,,,,,,
10000,10000,10000,10000,10000,10000,10000,10000,10000,10000,10000,10000,10000,10000,10000,10000,10000,10000,,,,,,,,,,,,,,
10000,10000,10000,10000,10000,10000,10000,10000,10000,10000,10000,10000,10000,10000,10000,10000,10000,10000,,,,,,,,,,,,,,
10000,10000,10000,10000,10000,10000,10000,10000,10000,10000,10000,10000,10000,10000,10000,10000,10000,10000,,,,,,,,,,,,,,
10000,10000,10000,10000,10000,10000,10000,10000,10000,10000,10000,10000,10000,10000,10000,10000,10000,10000,,,,,,,,,,,,,,
10000,10000,10000,10000,10000,10000,10000,10000,10000,10000,10000,10000,10000,10000,10000,10000,10000,10000,,,,,,,,,,,,,,
10000,10000,10000,10000,10000,10000,10000,10000,10000,10000,10000,10000,10000,10000,10000,10000,10000,10000,,,,,,,,,,,,,,
10000,10000,10000,10000,10000,10000,10000,10000,10000,10000,10000,10000,10000,10000,10000,10000,10000,10000,,,,,,,,,,,,,,
10000,10000,10000,10000,10000,10000,10000,10000,10000,10000,10000,10000,10000,10000,10000,10000,10000,10000,,,,,,,,,,,,,,
10000,10000,10000,10000,10000,10000,10000,10000,10000,10000,10000,10000,10000,10000,10000,10000,10000,10000,,,,,,,,,,,,,,
10000,10000,10000,10000,10000,10000,10000,10000,10000,10000,10000,10000,10000,10000,10000,10000,10000,10000,,,,,,,,,,,,,,
10000,10000,10000,10000,10000,10000,10000,10000,10000,10000,10000,10000,10000,10000,10000,10000,10000,10000,,,,,,,,,,,,,,
10000,10000,10000,10000,10000,10000,10000,10000,10000,10000,10000,10000,10000,10000,10000,10000,10000,10000,,,,,,,,,,,,,,
10000,10000,10000,10000,10000,10000,10000,10000,10000,10000,10000,10000,10000,10000,10000,10000,10000,10000,,,,,,,,,,,,,,
10000,10000,10000,10000,10000,10000,10000,10000,10000,10000,10000,10000,10000,10000,10000,10000,10000,10000,,,,,,,,,,,,,,
10000,10000,10000,10000,10000,10000,10000,10000,10000,10000,10000,10000,10000,10000,10000,10000,10000,10000,,,,,,,,,,,,,,
10000,10000,10000,10000,10000,10000,10000,10000,10000,10000,10000,10000,10000,10000,10000,10000,10000,10000,,,,,,,,,,,,,,
10000,10000,10000,10000,10000,10000,10000,10000,10000,10000,10000,10000,10000,10000,10000,10000,10000,10000,,,,,,,,,,,,,,
10000,10000,10000,10000,10000,10000,10000,10000,10000,10000,10000,10000,10000,10000,10000,10000,10000,10000,,,,,,,,,,,,,,
10000,10000,10000,10000,10000,10000,10000,10000,10000,10000,10000,10000,10000,10000,10000,10000,10000,10000,,,,,,,,,,,,,,
10000,10000,10000,10000,10000,10000,10000,10000,10000,10000,10000,10000,10000,10000,10000,10000,10000,10000,,,,,,,,,,,,,,
10000,10000,10000,10000,10000,10000,10000,10000,10000,10000,10000,10000,10000,10000,10000,10000,10000,10000,,,,,,,,,,,,,,
10000,10000,10000,10000,10000,10000,10000,10000,10000,10000,10000,10000,10000,10000,10000,10000,10000,10000,,,,,,,,,,,,,,
10000,10000,10000,10000,10000,10000,10000,10000,10000,10000,10000,10000,10000,10000,10000,10000,10000,10000,,,,,,,,,,,,,,
10000,10000,10000,10000,10000,10000,10000,10000,10000,10000,10000,10000,10000,10000,10000,10000,10000,10000,,,,,,,,,,,,,,
10000,10000,10000,10000,10000,10000,10000,10000,10000,10000,10000,10000,10000,10000,10000,10000,10000,10000,,,,,,,,,,,,,,
PS_Config_Lmt_Short_Diff_P:,,,,,,,,,,,,,,,,,,,,,,,,,,,,,,,
6300,6300,6300,6300,6300,6300,6300,6300,6300,6300,6300,6300,6300,6300,6300,6300,6300,6300,,,,,,,,,,,,,,
6300,6300,6300,6300,6300,6300,6300,6300,6300,6300,6300,6300,6300,6300,6300,6300,6300,6300,,,,,,,,,,,,,,
6300,6300,6300,6300,6300,6300,6300,6300,6300,6300,6300,6300,6300,6300,6300,6300,6300,6300,,,,,,,,,,,,,,
6300,6300,6300,6300,6300,6300,6300,6300,6300,6300,6300,6300,6300,6300,6300,6300,6300,6300,,,,,,,,,,,,,,
6300,6300,6300,6300,6300,6300,6300,6300,6300,6300,6300,6300,6300,6300,6300,6300,6300,6300,,,,,,,,,,,,,,
6300,6300,6300,6300,6300,6300,6300,6300,6300,6300,6300,6300,6300,6300,6300,6300,6300,6300,,,,,,,,,,,,,,
6300,6300,6300,6300,6300,6300,6300,6300,6300,6300,6300,6300,6300,6300,6300,6300,6300,6300,,,,,,,,,,,,,,
6300,6300,6300,6300,6300,6300,6300,6300,6300,6300,6300,6300,6300,6300,6300,6300,6300,6300,,,,,,,,,,,,,,
6300,6300,6300,6300,6300,6300,6300,6300,6300,6300,6300,6300,6300,6300,6300,6300,6300,6300,,,,,,,,,,,,,,
6300,6300,6300,6300,6300,6300,6300,6300,6300,6300,6300,6300,6300,6300,6300,6300,6300,6300,,,,,,,,,,,,,,
6300,6300,6300,6300,6300,6300,6300,6300,6300,6300,6300,6300,6300,6300,6300,6300,6300,6300,,,,,,,,,,,,,,
6300,6300,6300,6300,6300,6300,6300,6300,6300,6300,6300,6300,6300,6300,6300,6300,6300,6300,,,,,,,,,,,,,,
6300,6300,6300,6300,6300,6300,6300,6300,6300,6300,6300,6300,6300,6300,6300,6300,6300,6300,,,,,,,,,,,,,,
6300,6300,6300,6300,6300,6300,6300,6300,6300,6300,6300,6300,6300,6300,6300,6300,6300,6300,,,,,,,,,,,,,,
6300,6300,6300,6300,6300,6300,6300,6300,6300,6300,6300,6300,6300,6300,6300,6300,6300,6300,,,,,,,,,,,,,,
6300,6300,6300,6300,6300,6300,6300,6300,6300,6300,6300,6300,6300,6300,6300,6300,6300,6300,,,,,,,,,,,,,,
6300,6300,6300,6300,6300,6300,6300,6300,6300,6300,6300,6300,6300,6300,6300,6300,6300,6300,,,,,,,,,,,,,,
6300,6300,6300,6300,6300,6300,6300,6300,6300,6300,6300,6300,6300,6300,6300,6300,6300,6300,,,,,,,,,,,,,,
6300,6300,6300,6300,6300,6300,6300,6300,6300,6300,6300,6300,6300,6300,6300,6300,6300,6300,,,,,,,,,,,,,,
6300,6300,6300,6300,6300,6300,6300,6300,6300,6300,6300,6300,6300,6300,6300,6300,6300,6300,,,,,,,,,,,,,,
6300,6300,6300,6300,6300,6300,6300,6300,6300,6300,6300,6300,6300,6300,6300,6300,6300,6300,,,,,,,,,,,,,,
6300,6300,6300,6300,6300,6300,6300,6300,6300,6300,6300,6300,6300,6300,6300,6300,6300,6300,,,,,,,,,,,,,,
6300,6300,6300,6300,6300,6300,6300,6300,6300,6300,6300,6300,6300,6300,6300,6300,6300,6300,,,,,,,,,,,,,,
6300,6300,6300,6300,6300,6300,6300,6300,6300,6300,6300,6300,6300,6300,6300,6300,6300,6300,,,,,,,,,,,,,,
6300,6300,6300,6300,6300,6300,6300,6300,6300,6300,6300,6300,6300,6300,6300,6300,6300,6300,,,,,,,,,,,,,,
6300,6300,6300,6300,6300,6300,6300,6300,6300,6300,6300,6300,6300,6300,6300,6300,6300,6300,,,,,,,,,,,,,,
6300,6300,6300,6300,6300,6300,6300,6300,6300,6300,6300,6300,6300,6300,6300,6300,6300,6300,,,,,,,,,,,,,,
6300,6300,6300,6300,6300,6300,6300,6300,6300,6300,6300,6300,6300,6300,6300,6300,6300,6300,,,,,,,,,,,,,,
6300,6300,6300,6300,6300,6300,6300,6300,6300,6300,6300,6300,6300,6300,6300,6300,6300,6300,,,,,,,,,,,,,,
6300,6300,6300,6300,6300,6300,6300,6300,6300,6300,6300,6300,6300,6300,6300,6300,6300,6300,,,,,,,,,,,,,,
6300,6300,6300,6300,6300,6300,6300,6300,6300,6300,6300,6300,6300,6300,6300,6300,6300,6300,,,,,,,,,,,,,,
6300,6300,6300,6300,6300,6300,6300,6300,6300,6300,6300,6300,6300,6300,6300,6300,6300,6300,,,,,,,,,,,,,,
PS_Config_Lmt_Short_Diff_N:,,,,,,,,,,,,,,,,,,,,,,,,,,,,,,,
0,0,0,0,0,0,0,0,0,0,0,0,0,0,0,0,0,0,,,,,,,,,,,,,,
0,0,0,0,0,0,0,0,0,0,0,0,0,0,0,0,0,0,,,,,,,,,,,,,,
0,0,0,0,0,0,0,0,0,0,0,0,0,0,0,0,0,0,,,,,,,,,,,,,,
0,0,0,0,0,0,0,0,0,0,0,0,0,0,0,0,0,0,,,,,,,,,,,,,,
0,0,0,0,0,0,0,0,0,0,0,0,0,0,0,0,0,0,,,,,,,,,,,,,,
0,0,0,0,0,0,0,0,0,0,0,0,0,0,0,0,0,0,,,,,,,,,,,,,,
0,0,0,0,0,0,0,0,0,0,0,0,0,0,0,0,0,0,,,,,,,,,,,,,,
0,0,0,0,0,0,0,0,0,0,0,0,0,0,0,0,0,0,,,,,,,,,,,,,,
0,0,0,0,0,0,0,0,0,0,0,0,0,0,0,0,0,0,,,,,,,,,,,,,,
0,0,0,0,0,0,0,0,0,0,0,0,0,0,0,0,0,0,,,,,,,,,,,,,,
0,0,0,0,0,0,0,0,0,0,0,0,0,0,0,0,0,0,,,,,,,,,,,,,,
0,0,0,0,0,0,0,0,0,0,0,0,0,0,0,0,0,0,,,,,,,,,,,,,,
0,0,0,0,0,0,0,0,0,0,0,0,0,0,0,0,0,0,,,,,,,,,,,,,,
0,0,0,0,0,0,0,0,0,0,0,0,0,0,0,0,0,0,,,,,,,,,,,,,,
0,0,0,0,0,0,0,0,0,0,0,0,0,0,0,0,0,0,,,,,,,,,,,,,,
0,0,0,0,0,0,0,0,0,0,0,0,0,0,0,0,0,0,,,,,,,,,,,,,,
0,0,0,0,0,0,0,0,0,0,0,0,0,0,0,0,0,0,,,,,,,,,,,,,,
0,0,0,0,0,0,0,0,0,0,0,0,0,0,0,0,0,0,,,,,,,,,,,,,,
0,0,0,0,0,0,0,0,0,0,0,0,0,0,0,0,0,0,,,,,,,,,,,,,,
0,0,0,0,0,0,0,0,0,0,0,0,0,0,0,0,0,0,,,,,,,,,,,,,,
0,0,0,0,0,0,0,0,0,0,0,0,0,0,0,0,0,0,,,,,,,,,,,,,,
0,0,0,0,0,0,0,0,0,0,0,0,0,0,0,0,0,0,,,,,,,,,,,,,,
0,0,0,0,0,0,0,0,0,0,0,0,0,0,0,0,0,0,,,,,,,,,,,,,,
0,0,0,0,0,0,0,0,0,0,0,0,0,0,0,0,0,0,,,,,,,,,,,,,,
0,0,0,0,0,0,0,0,0,0,0,0,0,0,0,0,0,0,,,,,,,,,,,,,,
0,0,0,0,0,0,0,0,0,0,0,0,0,0,0,0,0,0,,,,,,,,,,,,,,
0,0,0,0,0,0,0,0,0,0,0,0,0,0,0,0,0,0,,,,,,,,,,,,,,
0,0,0,0,0,0,0,0,0,0,0,0,0,0,0,0,0,0,,,,,,,,,,,,,,
0,0,0,0,0,0,0,0,0,0,0,0,0,0,0,0,0,0,,,,,,,,,,,,,,
0,0,0,0,0,0,0,0,0,0,0,0,0,0,0,0,0,0,,,,,,,,,,,,,,
0,0,0,0,0,0,0,0,0,0,0,0,0,0,0,0,0,0,,,,,,,,,,,,,,
0,0,0,0,0,0,0,0,0,0,0,0,0,0,0,0,0,0,,,,,,,,,,,,,,
PS_Config_Lmt_Short_Base_P:,,,,,,,,,,,,,,,,,,,,,,,,,,,,,,,
2000,2000,2000,2000,2000,2000,2000,2000,2000,2000,2000,2000,2000,2000,2000,2000,2000,2000,,,,,,,,,,,,,,
2000,2000,2000,2000,2000,2000,2000,2000,2000,2000,2000,2000,2000,2000,2000,2000,2000,2000,,,,,,,,,,,,,,
2000,2000,2000,2000,2000,2000,2000,2000,2000,2000,2000,2000,2000,2000,2000,2000,2000,2000,,,,,,,,,,,,,,
2000,2000,2000,2000,2000,2000,2000,2000,2000,2000,2000,2000,2000,2000,2000,2000,2000,2000,,,,,,,,,,,,,,
2000,2000,2000,2000,2000,2000,2000,2000,2000,2000,2000,2000,2000,2000,2000,2000,2000,2000,,,,,,,,,,,,,,
2000,2000,2000,2000,2000,2000,2000,2000,2000,2000,2000,2000,2000,2000,2000,2000,2000,2000,,,,,,,,,,,,,,
2000,2000,2000,2000,2000,2000,2000,2000,2000,2000,2000,2000,2000,2000,2000,2000,2000,2000,,,,,,,,,,,,,,
2000,2000,2000,2000,2000,2000,2000,2000,2000,2000,2000,2000,2000,2000,2000,2000,2000,2000,,,,,,,,,,,,,,
2000,2000,2000,2000,2000,2000,2000,2000,2000,2000,2000,2000,2000,2000,2000,2000,2000,2000,,,,,,,,,,,,,,
2000,2000,2000,2000,2000,2000,2000,2000,2000,2000,2000,2000,2000,2000,2000,2000,2000,2000,,,,,,,,,,,,,,
2000,2000,2000,2000,2000,2000,2000,2000,2000,2000,2000,2000,2000,2000,2000,2000,2000,2000,,,,,,,,,,,,,,
2000,2000,2000,2000,2000,2000,2000,2000,2000,2000,2000,2000,2000,2000,2000,2000,2000,2000,,,,,,,,,,,,,,
2000,2000,2000,2000,2000,2000,2000,2000,2000,2000,2000,2000,2000,2000,2000,2000,2000,2000,,,,,,,,,,,,,,
2000,2000,2000,2000,2000,2000,2000,2000,2000,2000,2000,2000,2000,2000,2000,2000,2000,2000,,,,,,,,,,,,,,
2000,2000,2000,2000,2000,2000,2000,2000,2000,2000,2000,2000,2000,2000,2000,2000,2000,2000,,,,,,,,,,,,,,
2000,2000,2000,2000,2000,2000,2000,2000,2000,2000,2000,2000,2000,2000,2000,2000,2000,2000,,,,,,,,,,,,,,
2000,2000,2000,2000,2000,2000,2000,2000,2000,2000,2000,2000,2000,2000,2000,2000,2000,2000,,,,,,,,,,,,,,
2000,2000,2000,2000,2000,2000,2000,2000,2000,2000,2000,2000,2000,2000,2000,2000,2000,2000,,,,,,,,,,,,,,
2000,2000,2000,2000,2000,2000,2000,2000,2000,2000,2000,2000,2000,2000,2000,2000,2000,2000,,,,,,,,,,,,,,
2000,2000,2000,2000,2000,2000,2000,2000,2000,2000,2000,2000,2000,2000,2000,2000,2000,2000,,,,,,,,,,,,,,
2000,2000,2000,2000,2000,2000,2000,2000,2000,2000,2000,2000,2000,2000,2000,2000,2000,2000,,,,,,,,,,,,,,
2000,2000,2000,2000,2000,2000,2000,2000,2000,2000,2000,2000,2000,2000,2000,2000,2000,2000,,,,,,,,,,,,,,
2000,2000,2000,2000,2000,2000,2000,2000,2000,2000,2000,2000,2000,2000,2000,2000,2000,2000,,,,,,,,,,,,,,
2000,2000,2000,2000,2000,2000,2000,2000,2000,2000,2000,2000,2000,2000,2000,2000,2000,2000,,,,,,,,,,,,,,
2000,2000,2000,2000,2000,2000,2000,2000,2000,2000,2000,2000,2000,2000,2000,2000,2000,2000,,,,,,,,,,,,,,
2000,2000,2000,2000,2000,2000,2000,2000,2000,2000,2000,2000,2000,2000,2000,2000,2000,2000,,,,,,,,,,,,,,
2000,2000,2000,2000,2000,2000,2000,2000,2000,2000,2000,2000,2000,2000,2000,2000,2000,2000,,,,,,,,,,,,,,
2000,2000,2000,2000,2000,2000,2000,2000,2000,2000,2000,2000,2000,2000,2000,2000,2000,2000,,,,,,,,,,,,,,
2000,2000,2000,2000,2000,2000,2000,2000,2000,2000,2000,2000,2000,2000,2000,2000,2000,2000,,,,,,,,,,,,,,
2000,2000,2000,2000,2000,2000,2000,2000,2000,2000,2000,2000,2000,2000,2000,2000,2000,2000,,,,,,,,,,,,,,
2000,2000,2000,2000,2000,2000,2000,2000,2000,2000,2000,2000,2000,2000,2000,2000,2000,2000,,,,,,,,,,,,,,
2000,2000,2000,2000,2000,2000,2000,2000,2000,2000,2000,2000,2000,2000,2000,2000,2000,2000,,,,,,,,,,,,,,
PS_Config_Lmt_Short_Base_N:,,,,,,,,,,,,,,,,,,,,,,,,,,,,,,,
-2000,-2000,-2000,-2000,-2000,-2000,-2000,-2000,-2000,-2000,-2000,-2000,-2000,-2000,-2000,-2000,-2000,-2000,,,,,,,,,,,,,,
-2000,-2000,-2000,-2000,-2000,-2000,-2000,-2000,-2000,-2000,-2000,-2000,-2000,-2000,-2000,-2000,-2000,-2000,,,,,,,,,,,,,,
-2000,-2000,-2000,-2000,-2000,-2000,-2000,-2000,-2000,-2000,-2000,-2000,-2000,-2000,-2000,-2000,-2000,-2000,,,,,,,,,,,,,,
-2000,-2000,-2000,-2000,-2000,-2000,-2000,-2000,-2000,-2000,-2000,-2000,-2000,-2000,-2000,-2000,-2000,-2000,,,,,,,,,,,,,,
-2000,-2000,-2000,-2000,-2000,-2000,-2000,-2000,-2000,-2000,-2000,-2000,-2000,-2000,-2000,-2000,-2000,-2000,,,,,,,,,,,,,,
-2000,-2000,-2000,-2000,-2000,-2000,-2000,-2000,-2000,-2000,-2000,-2000,-2000,-2000,-2000,-2000,-2000,-2000,,,,,,,,,,,,,,
-2000,-2000,-2000,-2000,-2000,-2000,-2000,-2000,-2000,-2000,-2000,-2000,-2000,-2000,-2000,-2000,-2000,-2000,,,,,,,,,,,,,,
-2000,-2000,-2000,-2000,-2000,-2000,-2000,-2000,-2000,-2000,-2000,-2000,-2000,-2000,-2000,-2000,-2000,-2000,,,,,,,,,,,,,,
-2000,-2000,-2000,-2000,-2000,-2000,-2000,-2000,-2000,-2000,-2000,-2000,-2000,-2000,-2000,-2000,-2000,-2000,,,,,,,,,,,,,,
-2000,-2000,-2000,-2000,-2000,-2000,-2000,-2000,-2000,-2000,-2000,-2000,-2000,-2000,-2000,-2000,-2000,-2000,,,,,,,,,,,,,,
-2000,-2000,-2000,-2000,-2000,-2000,-2000,-2000,-2000,-2000,-2000,-2000,-2000,-2000,-2000,-2000,-2000,-2000,,,,,,,,,,,,,,
-2000,-2000,-2000,-2000,-2000,-2000,-2000,-2000,-2000,-2000,-2000,-2000,-2000,-2000,-2000,-2000,-2000,-2000,,,,,,,,,,,,,,
-2000,-2000,-2000,-2000,-2000,-2000,-2000,-2000,-2000,-2000,-2000,-2000,-2000,-2000,-2000,-2000,-2000,-2000,,,,,,,,,,,,,,
-2000,-2000,-2000,-2000,-2000,-2000,-2000,-2000,-2000,-2000,-2000,-2000,-2000,-2000,-2000,-2000,-2000,-2000,,,,,,,,,,,,,,
-2000,-2000,-2000,-2000,-2000,-2000,-2000,-2000,-2000,-2000,-2000,-2000,-2000,-2000,-2000,-2000,-2000,-2000,,,,,,,,,,,,,,
-2000,-2000,-2000,-2000,-2000,-2000,-2000,-2000,-2000,-2000,-2000,-2000,-2000,-2000,-2000,-2000,-2000,-2000,,,,,,,,,,,,,,
-2000,-2000,-2000,-2000,-2000,-2000,-2000,-2000,-2000,-2000,-2000,-2000,-2000,-2000,-2000,-2000,-2000,-2000,,,,,,,,,,,,,,
-2000,-2000,-2000,-2000,-2000,-2000,-2000,-2000,-2000,-2000,-2000,-2000,-2000,-2000,-2000,-2000,-2000,-2000,,,,,,,,,,,,,,
-2000,-2000,-2000,-2000,-2000,-2000,-2000,-2000,-2000,-2000,-2000,-2000,-2000,-2000,-2000,-2000,-2000,-2000,,,,,,,,,,,,,,
-2000,-2000,-2000,-2000,-2000,-2000,-2000,-2000,-2000,-2000,-2000,-2000,-2000,-2000,-2000,-2000,-2000,-2000,,,,,,,,,,,,,,
-2000,-2000,-2000,-2000,-2000,-2000,-2000,-2000,-2000,-2000,-2000,-2000,-2000,-2000,-2000,-2000,-2000,-2000,,,,,,,,,,,,,,
-2000,-2000,-2000,-2000,-2000,-2000,-2000,-2000,-2000,-2000,-2000,-2000,-2000,-2000,-2000,-2000,-2000,-2000,,,,,,,,,,,,,,
-2000,-2000,-2000,-2000,-2000,-2000,-2000,-2000,-2000,-2000,-2000,-2000,-2000,-2000,-2000,-2000,-2000,-2000,,,,,,,,,,,,,,
-2000,-2000,-2000,-2000,-2000,-2000,-2000,-2000,-2000,-2000,-2000,-2000,-2000,-2000,-2000,-2000,-2000,-2000,,,,,,,,,,,,,,
-2000,-2000,-2000,-2000,-2000,-2000,-2000,-2000,-2000,-2000,-2000,-2000,-2000,-2000,-2000,-2000,-2000,-2000,,,,,,,,,,,,,,
-2000,-2000,-2000,-2000,-2000,-2000,-2000,-2000,-2000,-2000,-2000,-2000,-2000,-2000,-2000,-2000,-2000,-2000,,,,,,,,,,,,,,
-2000,-2000,-2000,-2000,-2000,-2000,-2000,-2000,-2000,-2000,-2000,-2000,-2000,-2000,-2000,-2000,-2000,-2000,,,,,,,,,,,,,,
-2000,-2000,-2000,-2000,-2000,-2000,-2000,-2000,-2000,-2000,-2000,-2000,-2000,-2000,-2000,-2000,-2000,-2000,,,,,,,,,,,,,,
-2000,-2000,-2000,-2000,-2000,-2000,-2000,-2000,-2000,-2000,-2000,-2000,-2000,-2000,-2000,-2000,-2000,-2000,,,,,,,,,,,,,,
-2000,-2000,-2000,-2000,-2000,-2000,-2000,-2000,-2000,-2000,-2000,-2000,-2000,-2000,-2000,-2000,-2000,-2000,,,,,,,,,,,,,,
-2000,-2000,-2000,-2000,-2000,-2000,-2000,-2000,-2000,-2000,-2000,-2000,-2000,-2000,-2000,-2000,-2000,-2000,,,,,,,,,,,,,,
-2000,-2000,-2000,-2000,-2000,-2000,-2000,-2000,-2000,-2000,-2000,-2000,-2000,-2000,-2000,-2000,-2000,-2000,,,,,,,,,,,,,,
PS_Config_Lmt_Open_Rawdata_P:,,,,,,,,,,,,,,,,,,,,,,,,,,,,,,,
5120,5120,5120,5120,5120,5120,5120,5120,5120,5120,5120,5120,5120,5120,5120,5120,5120,5120,,,,,,,,,,,,,,
5120,5120,5120,5120,5120,5120,5120,5120,5120,5120,5120,5120,5120,5120,5120,5120,5120,5120,,,,,,,,,,,,,,
5120,5120,5120,5120,5120,5120,5120,5120,5120,5120,5120,5120,5120,5120,5120,5120,5120,5120,,,,,,,,,,,,,,
5120,5120,5120,5120,5120,5120,5120,5120,5120,5120,5120,5120,5120,5120,5120,5120,5120,5120,,,,,,,,,,,,,,
5120,5120,5120,5120,5120,5120,5120,5120,5120,5120,5120,5120,5120,5120,5120,5120,5120,5120,,,,,,,,,,,,,,
5120,5120,5120,5120,5120,5120,5120,5120,5120,5120,5120,5120,5120,5120,5120,5120,5120,5120,,,,,,,,,,,,,,
5120,5120,5120,5120,5120,5120,5120,5120,5120,5120,5120,5120,5120,5120,5120,5120,5120,5120,,,,,,,,,,,,,,
5120,5120,5120,5120,5120,5120,5120,5120,5120,5120,5120,5120,5120,5120,5120,5120,5120,5120,,,,,,,,,,,,,,
5120,5120,5120,5120,5120,5120,5120,5120,5120,5120,5120,5120,5120,5120,5120,5120,5120,5120,,,,,,,,,,,,,,
5120,5120,5120,5120,5120,5120,5120,5120,5120,5120,5120,5120,5120,5120,5120,5120,5120,5120,,,,,,,,,,,,,,
5120,5120,5120,5120,5120,5120,5120,5120,5120,5120,5120,5120,5120,5120,5120,5120,5120,5120,,,,,,,,,,,,,,
5120,5120,5120,5120,5120,5120,5120,5120,5120,5120,5120,5120,5120,5120,5120,5120,5120,5120,,,,,,,,,,,,,,
5120,5120,5120,5120,5120,5120,5120,5120,5120,5120,5120,5120,5120,5120,5120,5120,5120,5120,,,,,,,,,,,,,,
5120,5120,5120,5120,5120,5120,5120,5120,5120,5120,5120,5120,5120,5120,5120,5120,5120,5120,,,,,,,,,,,,,,
5120,5120,5120,5120,5120,5120,5120,5120,5120,5120,5120,5120,5120,5120,5120,5120,5120,5120,,,,,,,,,,,,,,
5120,5120,5120,5120,5120,5120,5120,5120,5120,5120,5120,5120,5120,5120,5120,5120,5120,5120,,,,,,,,,,,,,,
5120,5120,5120,5120,5120,5120,5120,5120,5120,5120,5120,5120,5120,5120,5120,5120,5120,5120,,,,,,,,,,,,,,
5120,5120,5120,5120,5120,5120,5120,5120,5120,5120,5120,5120,5120,5120,5120,5120,5120,5120,,,,,,,,,,,,,,
5120,5120,5120,5120,5120,5120,5120,5120,5120,5120,5120,5120,5120,5120,5120,5120,5120,5120,,,,,,,,,,,,,,
5120,5120,5120,5120,5120,5120,5120,5120,5120,5120,5120,5120,5120,5120,5120,5120,5120,5120,,,,,,,,,,,,,,
5120,5120,5120,5120,5120,5120,5120,5120,5120,5120,5120,5120,5120,5120,5120,5120,5120,5120,,,,,,,,,,,,,,
5120,5120,5120,5120,5120,5120,5120,5120,5120,5120,5120,5120,5120,5120,5120,5120,5120,5120,,,,,,,,,,,,,,
5120,5120,5120,5120,5120,5120,5120,5120,5120,5120,5120,5120,5120,5120,5120,5120,5120,5120,,,,,,,,,,,,,,
5120,5120,5120,5120,5120,5120,5120,5120,5120,5120,5120,5120,5120,5120,5120,5120,5120,5120,,,,,,,,,,,,,,
5120,5120,5120,5120,5120,5120,5120,5120,5120,5120,5120,5120,5120,5120,5120,5120,5120,5120,,,,,,,,,,,,,,
5120,5120,5120,5120,5120,5120,5120,5120,5120,5120,5120,5120,5120,5120,5120,5120,5120,5120,,,,,,,,,,,,,,
5120,5120,5120,5120,5120,5120,5120,5120,5120,5120,5120,5120,5120,5120,5120,5120,5120,5120,,,,,,,,,,,,,,
5120,5120,5120,5120,5120,5120,5120,5120,5120,5120,5120,5120,5120,5120,5120,5120,5120,5120,,,,,,,,,,,,,,
5120,5120,5120,5120,5120,5120,5120,5120,5120,5120,5120,5120,5120,5120,5120,5120,5120,5120,,,,,,,,,,,,,,
5120,5120,5120,5120,5120,5120,5120,5120,5120,5120,5120,5120,5120,5120,5120,5120,5120,5120,,,,,,,,,,,,,,
5120,5120,5120,5120,5120,5120,5120,5120,5120,5120,5120,5120,5120,5120,5120,5120,5120,5120,,,,,,,,,,,,,,
5120,5120,5120,5120,5120,5120,5120,5120,5120,5120,5120,5120,5120,5120,5120,5120,5120,5120,,,,,,,,,,,,,,
PS_Config_Lmt_Open_Rawdata_N:,,,,,,,,,,,,,,,,,,,,,,,,,,,,,,,
-511,-511,-511,-511,-511,-511,-511,-511,-511,-511,-511,-511,-511,-511,-511,-511,-511,-511,,,,,,,,,,,,,,
-511,-511,-511,-511,-511,-511,-511,-511,-511,-511,-511,-511,-511,-511,-511,-511,-511,-511,,,,,,,,,,,,,,
-511,-511,-511,-511,-511,-511,-511,-511,-511,-511,-511,-511,-511,-511,-511,-511,-511,-511,,,,,,,,,,,,,,
-511,-511,-511,-511,-511,-511,-511,-511,-511,-511,-511,-511,-511,-511,-511,-511,-511,-511,,,,,,,,,,,,,,
-511,-511,-511,-511,-511,-511,-511,-511,-511,-511,-511,-511,-511,-511,-511,-511,-511,-511,,,,,,,,,,,,,,
-511,-511,-511,-511,-511,-511,-511,-511,-511,-511,-511,-511,-511,-511,-511,-511,-511,-511,,,,,,,,,,,,,,
-511,-511,-511,-511,-511,-511,-511,-511,-511,-511,-511,-511,-511,-511,-511,-511,-511,-511,,,,,,,,,,,,,,
-511,-511,-511,-511,-511,-511,-511,-511,-511,-511,-511,-511,-511,-511,-511,-511,-511,-511,,,,,,,,,,,,,,
-511,-511,-511,-511,-511,-511,-511,-511,-511,-511,-511,-511,-511,-511,-511,-511,-511,-511,,,,,,,,,,,,,,
-511,-511,-511,-511,-511,-511,-511,-511,-511,-511,-511,-511,-511,-511,-511,-511,-511,-511,,,,,,,,,,,,,,
-511,-511,-511,-511,-511,-511,-511,-511,-511,-511,-511,-511,-511,-511,-511,-511,-511,-511,,,,,,,,,,,,,,
-511,-511,-511,-511,-511,-511,-511,-511,-511,-511,-511,-511,-511,-511,-511,-511,-511,-511,,,,,,,,,,,,,,
-511,-511,-511,-511,-511,-511,-511,-511,-511,-511,-511,-511,-511,-511,-511,-511,-511,-511,,,,,,,,,,,,,,
-511,-511,-511,-511,-511,-511,-511,-511,-511,-511,-511,-511,-511,-511,-511,-511,-511,-511,,,,,,,,,,,,,,
-511,-511,-511,-511,-511,-511,-511,-511,-511,-511,-511,-511,-511,-511,-511,-511,-511,-511,,,,,,,,,,,,,,
-511,-511,-511,-511,-511,-511,-511,-511,-511,-511,-511,-511,-511,-511,-511,-511,-511,-511,,,,,,,,,,,,,,
-511,-511,-511,-511,-511,-511,-511,-511,-511,-511,-511,-511,-511,-511,-511,-511,-511,-511,,,,,,,,,,,,,,
-511,-511,-511,-511,-511,-511,-511,-511,-511,-511,-511,-511,-511,-511,-511,-511,-511,-511,,,,,,,,,,,,,,
-511,-511,-511,-511,-511,-511,-511,-511,-511,-511,-511,-511,-511,-511,-511,-511,-511,-511,,,,,,,,,,,,,,
-511,-511,-511,-511,-511,-511,-511,-511,-511,-511,-511,-511,-511,-511,-511,-511,-511,-511,,,,,,,,,,,,,,
-511,-511,-511,-511,-511,-511,-511,-511,-511,-511,-511,-511,-511,-511,-511,-511,-511,-511,,,,,,,,,,,,,,
-511,-511,-511,-511,-511,-511,-511,-511,-511,-511,-511,-511,-511,-511,-511,-511,-511,-511,,,,,,,,,,,,,,
-511,-511,-511,-511,-511,-511,-511,-511,-511,-511,-511,-511,-511,-511,-511,-511,-511,-511,,,,,,,,,,,,,,
-511,-511,-511,-511,-511,-511,-511,-511,-511,-511,-511,-511,-511,-511,-511,-511,-511,-511,,,,,,,,,,,,,,
-511,-511,-511,-511,-511,-511,-511,-511,-511,-511,-511,-511,-511,-511,-511,-511,-511,-511,,,,,,,,,,,,,,
-511,-511,-511,-511,-511,-511,-511,-511,-511,-511,-511,-511,-511,-511,-511,-511,-511,-511,,,,,,,,,,,,,,
-511,-511,-511,-511,-511,-511,-511,-511,-511,-511,-511,-511,-511,-511,-511,-511,-511,-511,,,,,,,,,,,,,,
-511,-511,-511,-511,-511,-511,-511,-511,-511,-511,-511,-511,-511,-511,-511,-511,-511,-511,,,,,,,,,,,,,,
-511,-511,-511,-511,-511,-511,-511,-511,-511,-511,-511,-511,-511,-511,-511,-511,-511,-511,,,,,,,,,,,,,,
-511,-511,-511,-511,-511,-511,-511,-511,-511,-511,-511,-511,-511,-511,-511,-511,-511,-511,,,,,,,,,,,,,,
-511,-511,-511,-511,-511,-511,-511,-511,-511,-511,-511,-511,-511,-511,-511,-511,-511,-511,,,,,,,,,,,,,,
-511,-511,-511,-511,-511,-511,-511,-511,-511,-511,-511,-511,-511,-511,-511,-511,-511,-511,,,,,,,,,,,,,,
PS_Config_Lmt_FW_Rawdata_P:,,,,,,,,,,,,,,,,,,,,,,,,,,,,,,,
2560,2560,2560,2560,2560,2560,2560,2560,2560,2560,2560,2560,2560,2560,2560,2560,2560,2560,,,,,,,,,,,,,,
2560,2560,2560,2560,2560,2560,2560,2560,2560,2560,2560,2560,2560,2560,2560,2560,2560,2560,,,,,,,,,,,,,,
2560,2560,2560,2560,2560,2560,2560,2560,2560,2560,2560,2560,2560,2560,2560,2560,2560,2560,,,,,,,,,,,,,,
2560,2560,2560,2560,2560,2560,2560,2560,2560,2560,2560,2560,2560,2560,2560,2560,2560,2560,,,,,,,,,,,,,,
2560,2560,2560,2560,2560,2560,2560,2560,2560,2560,2560,2560,2560,2560,2560,2560,2560,2560,,,,,,,,,,,,,,
2560,2560,2560,2560,2560,2560,2560,2560,2560,2560,2560,2560,2560,2560,2560,2560,2560,2560,,,,,,,,,,,,,,
2560,2560,2560,2560,2560,2560,2560,2560,2560,2560,2560,2560,2560,2560,2560,2560,2560,2560,,,,,,,,,,,,,,
2560,2560,2560,2560,2560,2560,2560,2560,2560,2560,2560,2560,2560,2560,2560,2560,2560,2560,,,,,,,,,,,,,,
2560,2560,2560,2560,2560,2560,2560,2560,2560,2560,2560,2560,2560,2560,2560,2560,2560,2560,,,,,,,,,,,,,,
2560,2560,2560,2560,2560,2560,2560,2560,2560,2560,2560,2560,2560,2560,2560,2560,2560,2560,,,,,,,,,,,,,,
2560,2560,2560,2560,2560,2560,2560,2560,2560,2560,2560,2560,2560,2560,2560,2560,2560,2560,,,,,,,,,,,,,,
2560,2560,2560,2560,2560,2560,2560,2560,2560,2560,2560,2560,2560,2560,2560,2560,2560,2560,,,,,,,,,,,,,,
2560,2560,2560,2560,2560,2560,2560,2560,2560,2560,2560,2560,2560,2560,2560,2560,2560,2560,,,,,,,,,,,,,,
2560,2560,2560,2560,2560,2560,2560,2560,2560,2560,2560,2560,2560,2560,2560,2560,2560,2560,,,,,,,,,,,,,,
2560,2560,2560,2560,2560,2560,2560,2560,2560,2560,2560,2560,2560,2560,2560,2560,2560,2560,,,,,,,,,,,,,,
2560,2560,2560,2560,2560,2560,2560,2560,2560,2560,2560,2560,2560,2560,2560,2560,2560,2560,,,,,,,,,,,,,,
2560,2560,2560,2560,2560,2560,2560,2560,2560,2560,2560,2560,2560,2560,2560,2560,2560,2560,,,,,,,,,,,,,,
2560,2560,2560,2560,2560,2560,2560,2560,2560,2560,2560,2560,2560,2560,2560,2560,2560,2560,,,,,,,,,,,,,,
2560,2560,2560,2560,2560,2560,2560,2560,2560,2560,2560,2560,2560,2560,2560,2560,2560,2560,,,,,,,,,,,,,,
2560,2560,2560,2560,2560,2560,2560,2560,2560,2560,2560,2560,2560,2560,2560,2560,2560,2560,,,,,,,,,,,,,,
2560,2560,2560,2560,2560,2560,2560,2560,2560,2560,2560,2560,2560,2560,2560,2560,2560,2560,,,,,,,,,,,,,,
2560,2560,2560,2560,2560,2560,2560,2560,2560,2560,2560,2560,2560,2560,2560,2560,2560,2560,,,,,,,,,,,,,,
2560,2560,2560,2560,2560,2560,2560,2560,2560,2560,2560,2560,2560,2560,2560,2560,2560,2560,,,,,,,,,,,,,,
2560,2560,2560,2560,2560,2560,2560,2560,2560,2560,2560,2560,2560,2560,2560,2560,2560,2560,,,,,,,,,,,,,,
2560,2560,2560,2560,2560,2560,2560,2560,2560,2560,2560,2560,2560,2560,2560,2560,2560,2560,,,,,,,,,,,,,,
2560,2560,2560,2560,2560,2560,2560,2560,2560,2560,2560,2560,2560,2560,2560,2560,2560,2560,,,,,,,,,,,,,,
2560,2560,2560,2560,2560,2560,2560,2560,2560,2560,2560,2560,2560,2560,2560,2560,2560,2560,,,,,,,,,,,,,,
2560,2560,2560,2560,2560,2560,2560,2560,2560,2560,2560,2560,2560,2560,2560,2560,2560,2560,,,,,,,,,,,,,,
2560,2560,2560,2560,2560,2560,2560,2560,2560,2560,2560,2560,2560,2560,2560,2560,2560,2560,,,,,,,,,,,,,,
2560,2560,2560,2560,2560,2560,2560,2560,2560,2560,2560,2560,2560,2560,2560,2560,2560,2560,,,,,,,,,,,,,,
2560,2560,2560,2560,2560,2560,2560,2560,2560,2560,2560,2560,2560,2560,2560,2560,2560,2560,,,,,,,,,,,,,,
2560,2560,2560,2560,2560,2560,2560,2560,2560,2560,2560,2560,2560,2560,2560,2560,2560,2560,,,,,,,,,,,,,,
PS_Config_Lmt_FW_Rawdata_N:,,,,,,,,,,,,,,,,,,,,,,,,,,,,,,,
240,240,240,240,240,240,240,240,240,240,240,240,240,240,240,240,240,240,,,,,,,,,,,,,,
240,240,240,240,240,240,240,240,240,240,240,240,240,240,240,240,240,240,,,,,,,,,,,,,,
240,240,240,240,240,240,240,240,240,240,240,240,240,240,240,240,240,240,,,,,,,,,,,,,,
240,240,240,240,240,240,240,240,240,240,240,240,240,240,240,240,240,240,,,,,,,,,,,,,,
240,240,240,240,240,240,240,240,240,240,240,240,240,240,240,240,240,240,,,,,,,,,,,,,,
240,240,240,240,240,240,240,240,240,240,240,240,240,240,240,240,240,240,,,,,,,,,,,,,,
240,240,240,240,240,240,240,240,240,240,240,240,240,240,240,240,240,240,,,,,,,,,,,,,,
240,240,240,240,240,240,240,240,240,240,240,240,240,240,240,240,240,240,,,,,,,,,,,,,,
240,240,240,240,240,240,240,240,240,240,240,240,240,240,240,240,240,240,,,,,,,,,,,,,,
240,240,240,240,240,240,240,240,240,240,240,240,240,240,240,240,240,240,,,,,,,,,,,,,,
240,240,240,240,240,240,240,240,240,240,240,240,240,240,240,240,240,240,,,,,,,,,,,,,,
240,240,240,240,240,240,240,240,240,240,240,240,240,240,240,240,240,240,,,,,,,,,,,,,,
240,240,240,240,240,240,240,240,240,240,240,240,240,240,240,240,240,240,,,,,,,,,,,,,,
240,240,240,240,240,240,240,240,240,240,240,240,240,240,240,240,240,240,,,,,,,,,,,,,,
240,240,240,240,240,240,240,240,240,240,240,240,240,240,240,240,240,240,,,,,,,,,,,,,,
240,240,240,240,240,240,240,240,240,240,240,240,240,240,240,240,240,240,,,,,,,,,,,,,,
240,240,240,240,240,240,240,240,240,240,240,240,240,240,240,240,240,240,,,,,,,,,,,,,,
240,240,240,240,240,240,240,240,240,240,240,240,240,240,240,240,240,240,,,,,,,,,,,,,,
240,240,240,240,240,240,240,240,240,240,240,240,240,240,240,240,240,240,,,,,,,,,,,,,,
240,240,240,240,240,240,240,240,240,240,240,240,240,240,240,240,240,240,,,,,,,,,,,,,,
240,240,240,240,240,240,240,240,240,240,240,240,240,240,240,240,240,240,,,,,,,,,,,,,,
240,240,240,240,240,240,240,240,240,240,240,240,240,240,240,240,240,240,,,,,,,,,,,,,,
240,240,240,240,240,240,240,240,240,240,240,240,240,240,240,240,240,240,,,,,,,,,,,,,,
240,240,240,240,240,240,240,240,240,240,240,240,240,240,240,240,240,240,,,,,,,,,,,,,,
240,240,240,240,240,240,240,240,240,240,240,240,240,240,240,240,240,240,,,,,,,,,,,,,,
240,240,240,240,240,240,240,240,240,240,240,240,240,240,240,240,240,240,,,,,,,,,,,,,,
240,240,240,240,240,240,240,240,240,240,240,240,240,240,240,240,240,240,,,,,,,,,,,,,,
240,240,240,240,240,240,240,240,240,240,240,240,240,240,240,240,240,240,,,,,,,,,,,,,,
240,240,240,240,240,240,240,240,240,240,240,240,240,240,240,240,240,240,,,,,,,,,,,,,,
240,240,240,240,240,240,240,240,240,240,240,240,240,240,240,240,240,240,,,,,,,,,,,,,,
240,240,240,240,240,240,240,240,240,240,240,240,240,240,240,240,240,240,,,,,,,,,,,,,,
240,240,240,240,240,240,240,240,240,240,240,240,240,240,240,240,240,240,,,,,,,,,,,,,,
PS_Config_Lmt_FW_CC_P:,,,,,,,,,,,,,,,,,,,,,,,,,,,,,,,
314,314,314,314,314,314,314,314,314,314,314,314,314,314,314,314,314,314,,,,,,,,,,,,,,
314,314,314,314,314,314,314,314,314,314,314,314,314,314,314,314,314,314,,,,,,,,,,,,,,
314,314,314,314,314,314,314,314,314,314,314,314,314,314,314,314,314,314,,,,,,,,,,,,,,
314,314,314,314,314,314,314,314,314,314,314,314,314,314,314,314,314,314,,,,,,,,,,,,,,
314,314,314,314,314,314,314,314,314,314,314,314,314,314,314,314,314,314,,,,,,,,,,,,,,
314,314,314,314,314,314,314,314,314,314,314,314,314,314,314,314,314,314,,,,,,,,,,,,,,
314,314,314,314,314,314,314,314,314,314,314,314,314,314,314,314,314,314,,,,,,,,,,,,,,
314,314,314,314,314,314,314,314,314,314,314,314,314,314,314,314,314,314,,,,,,,,,,,,,,
314,314,314,314,314,314,314,314,314,314,314,314,314,314,314,314,314,314,,,,,,,,,,,,,,
314,314,314,314,314,314,314,314,314,314,314,314,314,314,314,314,314,314,,,,,,,,,,,,,,
314,314,314,314,314,314,314,314,314,314,314,314,314,314,314,314,314,314,,,,,,,,,,,,,,
314,314,314,314,314,314,314,314,314,314,314,314,314,314,314,314,314,314,,,,,,,,,,,,,,
314,314,314,314,314,314,314,314,314,314,314,314,314,314,314,314,314,314,,,,,,,,,,,,,,
314,314,314,314,314,314,314,314,314,314,314,314,314,314,314,314,314,314,,,,,,,,,,,,,,
314,314,314,314,314,314,314,314,314,314,314,314,314,314,314,314,314,314,,,,,,,,,,,,,,
314,314,314,314,314,314,314,314,314,314,314,314,314,314,314,314,314,314,,,,,,,,,,,,,,
314,314,314,314,314,314,314,314,314,314,314,314,314,314,314,314,314,314,,,,,,,,,,,,,,
314,314,314,314,314,314,314,314,314,314,314,314,314,314,314,314,314,314,,,,,,,,,,,,,,
314,314,314,314,314,314,314,314,314,314,314,314,314,314,314,314,314,314,,,,,,,,,,,,,,
314,314,314,314,314,314,314,314,314,314,314,314,314,314,314,314,314,314,,,,,,,,,,,,,,
314,314,314,314,314,314,314,314,314,314,314,314,314,314,314,314,314,314,,,,,,,,,,,,,,
314,314,314,314,314,314,314,314,314,314,314,314,314,314,314,314,314,314,,,,,,,,,,,,,,
314,314,314,314,314,314,314,314,314,314,314,314,314,314,314,314,314,314,,,,,,,,,,,,,,
314,314,314,314,314,314,314,314,314,314,314,314,314,314,314,314,314,314,,,,,,,,,,,,,,
314,314,314,314,314,314,314,314,314,314,314,314,314,314,314,314,314,314,,,,,,,,,,,,,,
314,314,314,314,314,314,314,314,314,314,314,314,314,314,314,314,314,314,,,,,,,,,,,,,,
314,314,314,314,314,314,314,314,314,314,314,314,314,314,314,314,314,314,,,,,,,,,,,,,,
314,314,314,314,314,314,314,314,314,314,314,314,314,314,314,314,314,314,,,,,,,,,,,,,,
314,314,314,314,314,314,314,314,314,314,314,314,314,314,314,314,314,314,,,,,,,,,,,,,,
314,314,314,314,314,314,314,314,314,314,314,314,314,314,314,314,314,314,,,,,,,,,,,,,,
314,314,314,314,314,314,314,314,314,314,314,314,314,314,314,314,314,314,,,,,,,,,,,,,,
314,314,314,314,314,314,314,314,314,314,314,314,314,314,314,314,314,314,,,,,,,,,,,,,,
PS_Config_Lmt_FW_CC_N:,,,,,,,,,,,,,,,,,,,,,,,,,,,,,,,
0,0,0,0,0,0,0,0,0,0,0,0,0,0,0,0,0,0,,,,,,,,,,,,,,
0,0,0,0,0,0,0,0,0,0,0,0,0,0,0,0,0,0,,,,,,,,,,,,,,
0,0,0,0,0,0,0,0,0,0,0,0,0,0,0,0,0,0,,,,,,,,,,,,,,
0,0,0,0,0,0,0,0,0,0,0,0,0,0,0,0,0,0,,,,,,,,,,,,,,
0,0,0,0,0,0,0,0,0,0,0,0,0,0,0,0,0,0,,,,,,,,,,,,,,
0,0,0,0,0,0,0,0,0,0,0,0,0,0,0,0,0,0,,,,,,,,,,,,,,
0,0,0,0,0,0,0,0,0,0,0,0,0,0,0,0,0,0,,,,,,,,,,,,,,
0,0,0,0,0,0,0,0,0,0,0,0,0,0,0,0,0,0,,,,,,,,,,,,,,
0,0,0,0,0,0,0,0,0,0,0,0,0,0,0,0,0,0,,,,,,,,,,,,,,
0,0,0,0,0,0,0,0,0,0,0,0,0,0,0,0,0,0,,,,,,,,,,,,,,
0,0,0,0,0,0,0,0,0,0,0,0,0,0,0,0,0,0,,,,,,,,,,,,,,
0,0,0,0,0,0,0,0,0,0,0,0,0,0,0,0,0,0,,,,,,,,,,,,,,
0,0,0,0,0,0,0,0,0,0,0,0,0,0,0,0,0,0,,,,,,,,,,,,,,
0,0,0,0,0,0,0,0,0,0,0,0,0,0,0,0,0,0,,,,,,,,,,,,,,
0,0,0,0,0,0,0,0,0,0,0,0,0,0,0,0,0,0,,,,,,,,,,,,,,
0,0,0,0,0,0,0,0,0,0,0,0,0,0,0,0,0,0,,,,,,,,,,,,,,
0,0,0,0,0,0,0,0,0,0,0,0,0,0,0,0,0,0,,,,,,,,,,,,,,
0,0,0,0,0,0,0,0,0,0,0,0,0,0,0,0,0,0,,,,,,,,,,,,,,
0,0,0,0,0,0,0,0,0,0,0,0,0,0,0,0,0,0,,,,,,,,,,,,,,
0,0,0,0,0,0,0,0,0,0,0,0,0,0,0,0,0,0,,,,,,,,,,,,,,
0,0,0,0,0,0,0,0,0,0,0,0,0,0,0,0,0,0,,,,,,,,,,,,,,
0,0,0,0,0,0,0,0,0,0,0,0,0,0,0,0,0,0,,,,,,,,,,,,,,
0,0,0,0,0,0,0,0,0,0,0,0,0,0,0,0,0,0,,,,,,,,,,,,,,
0,0,0,0,0,0,0,0,0,0,0,0,0,0,0,0,0,0,,,,,,,,,,,,,,
0,0,0,0,0,0,0,0,0,0,0,0,0,0,0,0,0,0,,,,,,,,,,,,,,
0,0,0,0,0,0,0,0,0,0,0,0,0,0,0,0,0,0,,,,,,,,,,,,,,
0,0,0,0,0,0,0,0,0,0,0,0,0,0,0,0,0,0,,,,,,,,,,,,,,
0,0,0,0,0,0,0,0,0,0,0,0,0,0,0,0,0,0,,,,,,,,,,,,,,
0,0,0,0,0,0,0,0,0,0,0,0,0,0,0,0,0,0,,,,,,,,,,,,,,
0,0,0,0,0,0,0,0,0,0,0,0,0,0,0,0,0,0,,,,,,,,,,,,,,
0,0,0,0,0,0,0,0,0,0,0,0,0,0,0,0,0,0,,,,,,,,,,,,,,
0,0,0,0,0,0,0,0,0,0,0,0,0,0,0,0,0,0,,,,,,,,,,,,,,
PS_Config_Lmt_FW_CC_I_P:,,,,,,,,,,,,,,,,,,,,,,,,,,,,,,,
25,25,25,25,25,25,25,25,25,25,25,25,25,25,25,25,25,25,,,,,,,,,,,,,,
25,25,25,25,25,25,25,25,25,25,25,25,25,25,25,25,25,25,,,,,,,,,,,,,,
25,25,25,25,25,25,25,25,25,25,25,25,25,25,25,25,25,25,,,,,,,,,,,,,,
25,25,25,25,25,25,25,25,25,25,25,25,25,25,25,25,25,25,,,,,,,,,,,,,,
25,25,25,25,25,25,25,25,25,25,25,25,25,25,25,25,25,25,,,,,,,,,,,,,,
25,25,25,25,25,25,25,25,25,25,25,25,25,25,25,25,25,25,,,,,,,,,,,,,,
25,25,25,25,25,25,25,25,25,25,25,25,25,25,25,25,25,25,,,,,,,,,,,,,,
25,25,25,25,25,25,25,25,25,25,25,25,25,25,25,25,25,25,,,,,,,,,,,,,,
25,25,25,25,25,25,25,25,25,25,25,25,25,25,25,25,25,25,,,,,,,,,,,,,,
25,25,25,25,25,25,25,25,25,25,25,25,25,25,25,25,25,25,,,,,,,,,,,,,,
25,25,25,25,25,25,25,25,25,25,25,25,25,25,25,25,25,25,,,,,,,,,,,,,,
25,25,25,25,25,25,25,25,25,25,25,25,25,25,25,25,25,25,,,,,,,,,,,,,,
25,25,25,25,25,25,25,25,25,25,25,25,25,25,25,25,25,25,,,,,,,,,,,,,,
25,25,25,25,25,25,25,25,25,25,25,25,25,25,25,25,25,25,,,,,,,,,,,,,,
25,25,25,25,25,25,25,25,25,25,25,25,25,25,25,25,25,25,,,,,,,,,,,,,,
25,25,25,25,25,25,25,25,25,25,25,25,25,25,25,25,25,25,,,,,,,,,,,,,,
25,25,25,25,25,25,25,25,25,25,25,25,25,25,25,25,25,25,,,,,,,,,,,,,,
25,25,25,25,25,25,25,25,25,25,25,25,25,25,25,25,25,25,,,,,,,,,,,,,,
25,25,25,25,25,25,25,25,25,25,25,25,25,25,25,25,25,25,,,,,,,,,,,,,,
25,25,25,25,25,25,25,25,25,25,25,25,25,25,25,25,25,25,,,,,,,,,,,,,,
25,25,25,25,25,25,25,25,25,25,25,25,25,25,25,25,25,25,,,,,,,,,,,,,,
25,25,25,25,25,25,25,25,25,25,25,25,25,25,25,25,25,25,,,,,,,,,,,,,,
25,25,25,25,25,25,25,25,25,25,25,25,25,25,25,25,25,25,,,,,,,,,,,,,,
25,25,25,25,25,25,25,25,25,25,25,25,25,25,25,25,25,25,,,,,,,,,,,,,,
25,25,25,25,25,25,25,25,25,25,25,25,25,25,25,25,25,25,,,,,,,,,,,,,,
25,25,25,25,25,25,25,25,25,25,25,25,25,25,25,25,25,25,,,,,,,,,,,,,,
25,25,25,25,25,25,25,25,25,25,25,25,25,25,25,25,25,25,,,,,,,,,,,,,,
25,25,25,25,25,25,25,25,25,25,25,25,25,25,25,25,25,25,,,,,,,,,,,,,,
25,25,25,25,25,25,25,25,25,25,25,25,25,25,25,25,25,25,,,,,,,,,,,,,,
25,25,25,25,25,25,25,25,25,25,25,25,25,25,25,25,25,25,,,,,,,,,,,,,,
25,25,25,25,25,25,25,25,25,25,25,25,25,25,25,25,25,25,,,,,,,,,,,,,,
25,25,25,25,25,25,25,25,25,25,25,25,25,25,25,25,25,25,,,,,,,,,,,,,,
PS_Config_Lmt_FW_CC_I_N:,,,,,,,,,,,,,,,,,,,,,,,,,,,,,,,
0,0,0,0,0,0,0,0,0,0,0,0,0,0,0,0,0,0,,,,,,,,,,,,,,
0,0,0,0,0,0,0,0,0,0,0,0,0,0,0,0,0,0,,,,,,,,,,,,,,
0,0,0,0,0,0,0,0,0,0,0,0,0,0,0,0,0,0,,,,,,,,,,,,,,
0,0,0,0,0,0,0,0,0,0,0,0,0,0,0,0,0,0,,,,,,,,,,,,,,
0,0,0,0,0,0,0,0,0,0,0,0,0,0,0,0,0,0,,,,,,,,,,,,,,
0,0,0,0,0,0,0,0,0,0,0,0,0,0,0,0,0,0,,,,,,,,,,,,,,
0,0,0,0,0,0,0,0,0,0,0,0,0,0,0,0,0,0,,,,,,,,,,,,,,
0,0,0,0,0,0,0,0,0,0,0,0,0,0,0,0,0,0,,,,,,,,,,,,,,
0,0,0,0,0,0,0,0,0,0,0,0,0,0,0,0,0,0,,,,,,,,,,,,,,
0,0,0,0,0,0,0,0,0,0,0,0,0,0,0,0,0,0,,,,,,,,,,,,,,
0,0,0,0,0,0,0,0,0,0,0,0,0,0,0,0,0,0,,,,,,,,,,,,,,
0,0,0,0,0,0,0,0,0,0,0,0,0,0,0,0,0,0,,,,,,,,,,,,,,
0,0,0,0,0,0,0,0,0,0,0,0,0,0,0,0,0,0,,,,,,,,,,,,,,
0,0,0,0,0,0,0,0,0,0,0,0,0,0,0,0,0,0,,,,,,,,,,,,,,
0,0,0,0,0,0,0,0,0,0,0,0,0,0,0,0,0,0,,,,,,,,,,,,,,
0,0,0,0,0,0,0,0,0,0,0,0,0,0,0,0,0,0,,,,,,,,,,,,,,
0,0,0,0,0,0,0,0,0,0,0,0,0,0,0,0,0,0,,,,,,,,,,,,,,
0,0,0,0,0,0,0,0,0,0,0,0,0,0,0,0,0,0,,,,,,,,,,,,,,
0,0,0,0,0,0,0,0,0,0,0,0,0,0,0,0,0,0,,,,,,,,,,,,,,
0,0,0,0,0,0,0,0,0,0,0,0,0,0,0,0,0,0,,,,,,,,,,,,,,
0,0,0,0,0,0,0,0,0,0,0,0,0,0,0,0,0,0,,,,,,,,,,,,,,
0,0,0,0,0,0,0,0,0,0,0,0,0,0,0,0,0,0,,,,,,,,,,,,,,
0,0,0,0,0,0,0,0,0,0,0,0,0,0,0,0,0,0,,,,,,,,,,,,,,
0,0,0,0,0,0,0,0,0,0,0,0,0,0,0,0,0,0,,,,,,,,,,,,,,
0,0,0,0,0,0,0,0,0,0,0,0,0,0,0,0,0,0,,,,,,,,,,,,,,
0,0,0,0,0,0,0,0,0,0,0,0,0,0,0,0,0,0,,,,,,,,,,,,,,
0,0,0,0,0,0,0,0,0,0,0,0,0,0,0,0,0,0,,,,,,,,,,,,,,
0,0,0,0,0,0,0,0,0,0,0,0,0,0,0,0,0,0,,,,,,,,,,,,,,
0,0,0,0,0,0,0,0,0,0,0,0,0,0,0,0,0,0,,,,,,,,,,,,,,
0,0,0,0,0,0,0,0,0,0,0,0,0,0,0,0,0,0,,,,,,,,,,,,,,
0,0,0,0,0,0,0,0,0,0,0,0,0,0,0,0,0,0,,,,,,,,,,,,,,
0,0,0,0,0,0,0,0,0,0,0,0,0,0,0,0,0,0,,,,,,,,,,,,,,
PS_Config_Lmt_FW_CC_Q_P:,,,,,,,,,,,,,,,,,,,,,,,,,,,,,,,
25,25,25,25,25,25,25,25,25,25,25,25,25,25,25,25,25,25,,,,,,,,,,,,,,
25,25,25,25,25,25,25,25,25,25,25,25,25,25,25,25,25,25,,,,,,,,,,,,,,
25,25,25,25,25,25,25,25,25,25,25,25,25,25,25,25,25,25,,,,,,,,,,,,,,
25,25,25,25,25,25,25,25,25,25,25,25,25,25,25,25,25,25,,,,,,,,,,,,,,
25,25,25,25,25,25,25,25,25,25,25,25,25,25,25,25,25,25,,,,,,,,,,,,,,
25,25,25,25,25,25,25,25,25,25,25,25,25,25,25,25,25,25,,,,,,,,,,,,,,
25,25,25,25,25,25,25,25,25,25,25,25,25,25,25,25,25,25,,,,,,,,,,,,,,
25,25,25,25,25,25,25,25,25,25,25,25,25,25,25,25,25,25,,,,,,,,,,,,,,
25,25,25,25,25,25,25,25,25,25,25,25,25,25,25,25,25,25,,,,,,,,,,,,,,
25,25,25,25,25,25,25,25,25,25,25,25,25,25,25,25,25,25,,,,,,,,,,,,,,
25,25,25,25,25,25,25,25,25,25,25,25,25,25,25,25,25,25,,,,,,,,,,,,,,
25,25,25,25,25,25,25,25,25,25,25,25,25,25,25,25,25,25,,,,,,,,,,,,,,
25,25,25,25,25,25,25,25,25,25,25,25,25,25,25,25,25,25,,,,,,,,,,,,,,
25,25,25,25,25,25,25,25,25,25,25,25,25,25,25,25,25,25,,,,,,,,,,,,,,
25,25,25,25,25,25,25,25,25,25,25,25,25,25,25,25,25,25,,,,,,,,,,,,,,
25,25,25,25,25,25,25,25,25,25,25,25,25,25,25,25,25,25,,,,,,,,,,,,,,
25,25,25,25,25,25,25,25,25,25,25,25,25,25,25,25,25,25,,,,,,,,,,,,,,
25,25,25,25,25,25,25,25,25,25,25,25,25,25,25,25,25,25,,,,,,,,,,,,,,
25,25,25,25,25,25,25,25,25,25,25,25,25,25,25,25,25,25,,,,,,,,,,,,,,
25,25,25,25,25,25,25,25,25,25,25,25,25,25,25,25,25,25,,,,,,,,,,,,,,
25,25,25,25,25,25,25,25,25,25,25,25,25,25,25,25,25,25,,,,,,,,,,,,,,
25,25,25,25,25,25,25,25,25,25,25,25,25,25,25,25,25,25,,,,,,,,,,,,,,
25,25,25,25,25,25,25,25,25,25,25,25,25,25,25,25,25,25,,,,,,,,,,,,,,
25,25,25,25,25,25,25,25,25,25,25,25,25,25,25,25,25,25,,,,,,,,,,,,,,
25,25,25,25,25,25,25,25,25,25,25,25,25,25,25,25,25,25,,,,,,,,,,,,,,
25,25,25,25,25,25,25,25,25,25,25,25,25,25,25,25,25,25,,,,,,,,,,,,,,
25,25,25,25,25,25,25,25,25,25,25,25,25,25,25,25,25,25,,,,,,,,,,,,,,
25,25,25,25,25,25,25,25,25,25,25,25,25,25,25,25,25,25,,,,,,,,,,,,,,
25,25,25,25,25,25,25,25,25,25,25,25,25,25,25,25,25,25,,,,,,,,,,,,,,
25,25,25,25,25,25,25,25,25,25,25,25,25,25,25,25,25,25,,,,,,,,,,,,,,
25,25,25,25,25,25,25,25,25,25,25,25,25,25,25,25,25,25,,,,,,,,,,,,,,
25,25,25,25,25,25,25,25,25,25,25,25,25,25,25,25,25,25,,,,,,,,,,,,,,
PS_Config_Lmt_FW_CC_Q_N:,,,,,,,,,,,,,,,,,,,,,,,,,,,,,,,
0,0,0,0,0,0,0,0,0,0,0,0,0,0,0,0,0,0,,,,,,,,,,,,,,
0,0,0,0,0,0,0,0,0,0,0,0,0,0,0,0,0,0,,,,,,,,,,,,,,
0,0,0,0,0,0,0,0,0,0,0,0,0,0,0,0,0,0,,,,,,,,,,,,,,
0,0,0,0,0,0,0,0,0,0,0,0,0,0,0,0,0,0,,,,,,,,,,,,,,
0,0,0,0,0,0,0,0,0,0,0,0,0,0,0,0,0,0,,,,,,,,,,,,,,
0,0,0,0,0,0,0,0,0,0,0,0,0,0,0,0,0,0,,,,,,,,,,,,,,
0,0,0,0,0,0,0,0,0,0,0,0,0,0,0,0,0,0,,,,,,,,,,,,,,
0,0,0,0,0,0,0,0,0,0,0,0,0,0,0,0,0,0,,,,,,,,,,,,,,
0,0,0,0,0,0,0,0,0,0,0,0,0,0,0,0,0,0,,,,,,,,,,,,,,
0,0,0,0,0,0,0,0,0,0,0,0,0,0,0,0,0,0,,,,,,,,,,,,,,
0,0,0,0,0,0,0,0,0,0,0,0,0,0,0,0,0,0,,,,,,,,,,,,,,
0,0,0,0,0,0,0,0,0,0,0,0,0,0,0,0,0,0,,,,,,,,,,,,,,
0,0,0,0,0,0,0,0,0,0,0,0,0,0,0,0,0,0,,,,,,,,,,,,,,
0,0,0,0,0,0,0,0,0,0,0,0,0,0,0,0,0,0,,,,,,,,,,,,,,
0,0,0,0,0,0,0,0,0,0,0,0,0,0,0,0,0,0,,,,,,,,,,,,,,
0,0,0,0,0,0,0,0,0,0,0,0,0,0,0,0,0,0,,,,,,,,,,,,,,
0,0,0,0,0,0,0,0,0,0,0,0,0,0,0,0,0,0,,,,,,,,,,,,,,
0,0,0,0,0,0,0,0,0,0,0,0,0,0,0,0,0,0,,,,,,,,,,,,,,
0,0,0,0,0,0,0,0,0,0,0,0,0,0,0,0,0,0,,,,,,,,,,,,,,
0,0,0,0,0,0,0,0,0,0,0,0,0,0,0,0,0,0,,,,,,,,,,,,,,
0,0,0,0,0,0,0,0,0,0,0,0,0,0,0,0,0,0,,,,,,,,,,,,,,
0,0,0,0,0,0,0,0,0,0,0,0,0,0,0,0,0,0,,,,,,,,,,,,,,
0,0,0,0,0,0,0,0,0,0,0,0,0,0,0,0,0,0,,,,,,,,,,,,,,
0,0,0,0,0,0,0,0,0,0,0,0,0,0,0,0,0,0,,,,,,,,,,,,,,
0,0,0,0,0,0,0,0,0,0,0,0,0,0,0,0,0,0,,,,,,,,,,,,,,
0,0,0,0,0,0,0,0,0,0,0,0,0,0,0,0,0,0,,,,,,,,,,,,,,
0,0,0,0,0,0,0,0,0,0,0,0,0,0,0,0,0,0,,,,,,,,,,,,,,
0,0,0,0,0,0,0,0,0,0,0,0,0,0,0,0,0,0,,,,,,,,,,,,,,
0,0,0,0,0,0,0,0,0,0,0,0,0,0,0,0,0,0,,,,,,,,,,,,,,
0,0,0,0,0,0,0,0,0,0,0,0,0,0,0,0,0,0,,,,,,,,,,,,,,
0,0,0,0,0,0,0,0,0,0,0,0,0,0,0,0,0,0,,,,,,,,,,,,,,
0,0,0,0,0,0,0,0,0,0,0,0,0,0,0,0,0,0,,,,,,,,,,,,,,
PS_Config_Lmt_FW_Diff_P:,,,,,,,,,,,,,,,,,,,,,,,,,,,,,,,
75,75,75,75,75,75,75,75,75,75,75,75,75,75,75,75,75,75,,,,,,,,,,,,,,
75,75,75,75,75,75,75,75,75,75,75,75,75,75,75,75,75,75,,,,,,,,,,,,,,
75,75,75,75,75,75,75,75,75,75,75,75,75,75,75,75,75,75,,,,,,,,,,,,,,
75,75,75,75,75,75,75,75,75,75,75,75,75,75,75,75,75,75,,,,,,,,,,,,,,
75,75,75,75,75,75,75,75,75,75,75,75,75,75,75,75,75,75,,,,,,,,,,,,,,
75,75,75,75,75,75,75,75,75,75,75,75,75,75,75,75,75,75,,,,,,,,,,,,,,
75,75,75,75,75,75,75,75,75,75,75,75,75,75,75,75,75,75,,,,,,,,,,,,,,
75,75,75,75,75,75,75,75,75,75,75,75,75,75,75,75,75,75,,,,,,,,,,,,,,
75,75,75,75,75,75,75,75,75,75,75,75,75,75,75,75,75,75,,,,,,,,,,,,,,
75,75,75,75,75,75,75,75,75,75,75,75,75,75,75,75,75,75,,,,,,,,,,,,,,
75,75,75,75,75,75,75,75,75,75,75,75,75,75,75,75,75,75,,,,,,,,,,,,,,
75,75,75,75,75,75,75,75,75,75,75,75,75,75,75,75,75,75,,,,,,,,,,,,,,
75,75,75,75,75,75,75,75,75,75,75,75,75,75,75,75,75,75,,,,,,,,,,,,,,
75,75,75,75,75,75,75,75,75,75,75,75,75,75,75,75,75,75,,,,,,,,,,,,,,
75,75,75,75,75,75,75,75,75,75,75,75,75,75,75,75,75,75,,,,,,,,,,,,,,
75,75,75,75,75,75,75,75,75,75,75,75,75,75,75,75,75,75,,,,,,,,,,,,,,
75,75,75,75,75,75,75,75,75,75,75,75,75,75,75,75,75,75,,,,,,,,,,,,,,
75,75,75,75,75,75,75,75,75,75,75,75,75,75,75,75,75,75,,,,,,,,,,,,,,
75,75,75,75,75,75,75,75,75,75,75,75,75,75,75,75,75,75,,,,,,,,,,,,,,
75,75,75,75,75,75,75,75,75,75,75,75,75,75,75,75,75,75,,,,,,,,,,,,,,
75,75,75,75,75,75,75,75,75,75,75,75,75,75,75,75,75,75,,,,,,,,,,,,,,
75,75,75,75,75,75,75,75,75,75,75,75,75,75,75,75,75,75,,,,,,,,,,,,,,
75,75,75,75,75,75,75,75,75,75,75,75,75,75,75,75,75,75,,,,,,,,,,,,,,
75,75,75,75,75,75,75,75,75,75,75,75,75,75,75,75,75,75,,,,,,,,,,,,,,
75,75,75,75,75,75,75,75,75,75,75,75,75,75,75,75,75,75,,,,,,,,,,,,,,
75,75,75,75,75,75,75,75,75,75,75,75,75,75,75,75,75,75,,,,,,,,,,,,,,
75,75,75,75,75,75,75,75,75,75,75,75,75,75,75,75,75,75,,,,,,,,,,,,,,
75,75,75,75,75,75,75,75,75,75,75,75,75,75,75,75,75,75,,,,,,,,,,,,,,
75,75,75,75,75,75,75,75,75,75,75,75,75,75,75,75,75,75,,,,,,,,,,,,,,
75,75,75,75,75,75,75,75,75,75,75,75,75,75,75,75,75,75,,,,,,,,,,,,,,
75,75,75,75,75,75,75,75,75,75,75,75,75,75,75,75,75,75,,,,,,,,,,,,,,
75,75,75,75,75,75,75,75,75,75,75,75,75,75,75,75,75,75,,,,,,,,,,,,,,
PS_Config_Lmt_FW_Diff_N:,,,,,,,,,,,,,,,,,,,,,,,,,,,,,,,
-75,-75,-75,-75,-75,-75,-75,-75,-75,-75,-75,-75,-75,-75,-75,-75,-75,-75,,,,,,,,,,,,,,
-75,-75,-75,-75,-75,-75,-75,-75,-75,-75,-75,-75,-75,-75,-75,-75,-75,-75,,,,,,,,,,,,,,
-75,-75,-75,-75,-75,-75,-75,-75,-75,-75,-75,-75,-75,-75,-75,-75,-75,-75,,,,,,,,,,,,,,
-75,-75,-75,-75,-75,-75,-75,-75,-75,-75,-75,-75,-75,-75,-75,-75,-75,-75,,,,,,,,,,,,,,
-75,-75,-75,-75,-75,-75,-75,-75,-75,-75,-75,-75,-75,-75,-75,-75,-75,-75,,,,,,,,,,,,,,
-75,-75,-75,-75,-75,-75,-75,-75,-75,-75,-75,-75,-75,-75,-75,-75,-75,-75,,,,,,,,,,,,,,
-75,-75,-75,-75,-75,-75,-75,-75,-75,-75,-75,-75,-75,-75,-75,-75,-75,-75,,,,,,,,,,,,,,
-75,-75,-75,-75,-75,-75,-75,-75,-75,-75,-75,-75,-75,-75,-75,-75,-75,-75,,,,,,,,,,,,,,
-75,-75,-75,-75,-75,-75,-75,-75,-75,-75,-75,-75,-75,-75,-75,-75,-75,-75,,,,,,,,,,,,,,
-75,-75,-75,-75,-75,-75,-75,-75,-75,-75,-75,-75,-75,-75,-75,-75,-75,-75,,,,,,,,,,,,,,
-75,-75,-75,-75,-75,-75,-75,-75,-75,-75,-75,-75,-75,-75,-75,-75,-75,-75,,,,,,,,,,,,,,
-75,-75,-75,-75,-75,-75,-75,-75,-75,-75,-75,-75,-75,-75,-75,-75,-75,-75,,,,,,,,,,,,,,
-75,-75,-75,-75,-75,-75,-75,-75,-75,-75,-75,-75,-75,-75,-75,-75,-75,-75,,,,,,,,,,,,,,
-75,-75,-75,-75,-75,-75,-75,-75,-75,-75,-75,-75,-75,-75,-75,-75,-75,-75,,,,,,,,,,,,,,
-75,-75,-75,-75,-75,-75,-75,-75,-75,-75,-75,-75,-75,-75,-75,-75,-75,-75,,,,,,,,,,,,,,
-75,-75,-75,-75,-75,-75,-75,-75,-75,-75,-75,-75,-75,-75,-75,-75,-75,-75,,,,,,,,,,,,,,
-75,-75,-75,-75,-75,-75,-75,-75,-75,-75,-75,-75,-75,-75,-75,-75,-75,-75,,,,,,,,,,,,,,
-75,-75,-75,-75,-75,-75,-75,-75,-75,-75,-75,-75,-75,-75,-75,-75,-75,-75,,,,,,,,,,,,,,
-75,-75,-75,-75,-75,-75,-75,-75,-75,-75,-75,-75,-75,-75,-75,-75,-75,-75,,,,,,,,,,,,,,
-75,-75,-75,-75,-75,-75,-75,-75,-75,-75,-75,-75,-75,-75,-75,-75,-75,-75,,,,,,,,,,,,,,
-75,-75,-75,-75,-75,-75,-75,-75,-75,-75,-75,-75,-75,-75,-75,-75,-75,-75,,,,,,,,,,,,,,
-75,-75,-75,-75,-75,-75,-75,-75,-75,-75,-75,-75,-75,-75,-75,-75,-75,-75,,,,,,,,,,,,,,
-75,-75,-75,-75,-75,-75,-75,-75,-75,-75,-75,-75,-75,-75,-75,-75,-75,-75,,,,,,,,,,,,,,
-75,-75,-75,-75,-75,-75,-75,-75,-75,-75,-75,-75,-75,-75,-75,-75,-75,-75,,,,,,,,,,,,,,
-75,-75,-75,-75,-75,-75,-75,-75,-75,-75,-75,-75,-75,-75,-75,-75,-75,-75,,,,,,,,,,,,,,
-75,-75,-75,-75,-75,-75,-75,-75,-75,-75,-75,-75,-75,-75,-75,-75,-75,-75,,,,,,,,,,,,,,
-75,-75,-75,-75,-75,-75,-75,-75,-75,-75,-75,-75,-75,-75,-75,-75,-75,-75,,,,,,,,,,,,,,
-75,-75,-75,-75,-75,-75,-75,-75,-75,-75,-75,-75,-75,-75,-75,-75,-75,-75,,,,,,,,,,,,,,
-75,-75,-75,-75,-75,-75,-75,-75,-75,-75,-75,-75,-75,-75,-75,-75,-75,-75,,,,,,,,,,,,,,
-75,-75,-75,-75,-75,-75,-75,-75,-75,-75,-75,-75,-75,-75,-75,-75,-75,-75,,,,,,,,,,,,,,
-75,-75,-75,-75,-75,-75,-75,-75,-75,-75,-75,-75,-75,-75,-75,-75,-75,-75,,,,,,,,,,,,,,
-75,-75,-75,-75,-75,-75,-75,-75,-75,-75,-75,-75,-75,-75,-75,-75,-75,-75,,,,,,,,,,,,,,
PS_Config_Diff_Test_Frame:,,,,,,,,,,,,,,,,,,,,,,,,,,,,,,,
50,,,,,,,,,,,,,,,,,,,,,,,,,,,,,,,
